category,title,total_time,prep_time,cook_time,ingredients,serving_info,nutrition_facts,rating,recipe_link
Air Fryer Recipes,Air Fryer Turkey Breast, 1 hr,10 mins,40 mins,"1 tablespoon finely chopped fresh rosemary, 1 teaspoon finely chopped fresh chives, 1 teaspoon finely minced fresh garlic, ½ teaspoon salt, or to taste, ¼ teaspoon ground black pepper, or to taste, 2 tablespoons cold unsalted butter, 2 ¾ pounds skin-on, bone-in split turkey breast",Original recipe (1X) yields 6 servings,"{'Calories': '263', 'Fat': '10g', 'Carbs': '0g', 'Protein': '40g'}",4.9,https://www.allrecipes.com/recipe/275372/air-fryer-turkey-breast/
Butternut Squash Soups,Roasted Butternut Squash Soup, 1 hr 30 mins,30 mins, 1 hr,"1 medium head garlic, halved crosswise, 1 (3 ½) pound butternut squash, halved lengthwise and seeded, 1 medium onion, quartered, 1 medium leek, white portion only, chopped, 1 (1 ½ inch) piece fresh ginger, peeled, 4 cups chicken broth, divided, 1 cup coconut milk, 1 teaspoon curry powder, or more to taste, 1 pinch cayenne pepper, salt and ground black pepper to taste",,"{'Calories': '238', 'Fat': '9g', 'Carbs': '40g', 'Protein': '5g'}",4.9,https://www.allrecipes.com/roasted-butternut-squash-soup-recipe-6563399
Butternut Squash Soups,Creamy Butternut Squash Soup with Fresh Ginger and Quinoa,50 mins,10 mins,40 mins,"1 tablespoon butter, 1 tablespoon olive oil, 1  onion, chopped, 4 cups chicken broth, 1  butternut squash - peeled, seeded, and cubed, 1 (1 inch) piece fresh ginger, peeled and grated, 1 teaspoon ground cumin, salt and ground black pepper to taste, 2 cups water, 1 cup quinoa, 1 tablespoon butter",,"{'Calories': '244', 'Fat': '8g', 'Carbs': '40g', 'Protein': '6g'}",4.4,https://www.allrecipes.com/recipe/239608/creamy-butternut-squash-soup-with-fresh-ginger-and-quinoa/
Butternut Squash Soups,Gisela's Butternut Squash Soup,50 mins,25 mins,25 mins,"2 tablespoons butter, 1  onion, finely chopped, 1 (14.5 ounce) can chicken broth, 1 (2 pound) butternut squash - peeled, seeded, and cut into 1-inch cubes, 1  orange, juiced, 1  orange, juiced and zested, 3 tablespoons sour cream, salt and pepper to taste",,"{'Calories': '245', 'Fat': '9g', 'Carbs': '43g', 'Protein': '5g'}",4.6,https://www.allrecipes.com/recipe/214563/giselas-butternut-squash-soup/
Butternut Squash Soups,Curried Squash-Mushroom Soup, 1 hr,20 mins,40 mins,"1 medium butternut squash, halved and pricked all over using a fork, 2 tablespoons margarine, ½ pound sliced fresh mushrooms, ½ cup chopped onion, 2 tablespoons all-purpose flour, 1 tablespoon curry powder, 5 cups chicken stock, ½ cup dry white wine, 1 tablespoon honey, 1 pinch ground nutmeg, 1 cup 10% cream",Original recipe (1X) yields 6 servings,"{'Calories': '326', 'Fat': '19g', 'Carbs': '35g', 'Protein': '5g'}",5.0,https://www.allrecipes.com/recipe/268182/curried-squash-mushroom-soup/
Butternut Squash Soups,Vegan Carrot-Butternut Squash Soup,55 mins,20 mins,35 mins,"6 tablespoons cold-pressed olive oil, 1 medium white onion, chopped, ½  butternut squash - peeled, seeded, and cubed, 6 large carrots, peeled and chopped, 6 cups water, 2 cubes vegetable bouillon, 2 teaspoons diced ginger, 6 thin strips orange zest, salt and ground black pepper to taste",,"{'Calories': '196', 'Fat': '14g', 'Carbs': '19g', 'Protein': '2g'}",No rating available,https://www.allrecipes.com/recipe/265540/vegan-carrot-butternut-squash-soup/
Butternut Squash Soups,"Roasted Acorn, Butternut, and Apple Soup", 1 hr 30 mins,20 mins, 1 hr 10 mins,"½ cup butter, softened, ½ cup brown sugar, ½ cup honey, 1  butternut squash, halved lengthwise and seeded, 2  acorn squashes, halved and seeded, 3  Granny Smith apples, peeled and cored, 1 tablespoon olive oil, or to taste, 1 large white onion, diced, 1 tablespoon thyme, 8 cups vegetable stock, 2 cups apple cider, 1 cup water",Original recipe (1X) yields 12 servings,"{'Calories': '279', 'Fat': '9g', 'Carbs': '51g', 'Protein': '3g'}",4.3,https://www.allrecipes.com/recipe/235570/roasted-acorn-butternut-and-apple-soup/
Brownies,Deviled Blondies, 1 hr,30 mins,30 mins,"1 tablespoon butter, 2 tablespoons light brown sugar, 1 rounded tablespoon Gochujang chili paste,, 1 3/4 cups all-purpose flour, 1 teaspoon baking powder, 1 teaspoon kosher salt, 3/4 cup white sugar, 1/2 cup packed light brown sugar, 2 large eggs, 2 teaspoons vanilla extract, 2 sticks salted butter, melted and cooled slightly, 1/2 cup macadamia nuts",Original recipe (1X) yields 9 servings,"{'Calories': '471', 'Fat': '29g', 'Carbs': '50g', 'Protein': '5g'}",5.0,https://www.allrecipes.com/deviled-blondies-recipe-8719173
Breakfast Burritos,Slow Cooker Breakfast Burritos, 3 hrs 40 mins,20 mins, 3 hrs 20 mins,"2 pounds bulk breakfast sausage, 1 medium onion, finely chopped, 1 medium bell pepper, finely chopped, cooking spray, 1 (16 ounce) package frozen shredded hash browns, 2 ½ cups shredded Cheddar cheese, 12 large eggs, 1 cup milk, 1 teaspoon kosher salt, ½ teaspoon ground black pepper, 12 (10 inch) flour tortillas, warmed",,"{'Calories': '746', 'Fat': '51g', 'Carbs': '46g', 'Protein': '28g'}",4.0,https://www.allrecipes.com/recipe/8318088/ham-and-cheese-bisuit-muffins/
Breakfast Burritos,Make-Ahead Freezer Breakfast Burritos, 1 hr,30 mins,30 mins,"1 large sweet potato, cut into 1/2-inch pieces, 2 tablespoons olive oil, divided, kosher salt and ground black pepper to taste, 6  eggs, lightly beaten, ¼ cup milk, 1 cup shredded pepper Jack cheese, 6 large flour tortillas, 1 (15 ounce) can black beans, rinsed and drained, ¾ cup cooked vegan chorizo (Optional), ½ cup prepared salsa verde, hot sauce or salsa, for serving",,"{'Calories': '561', 'Fat': '23g', 'Carbs': '66g', 'Protein': '22g'}",4.8,https://www.allrecipes.com/recipe/8445943/make-ahead-freezer-breakfast-burritos/
Breakfast Potatoes,Shredded Potato Quiche, 1 hr 5 mins,20 mins,45 mins,"1 (16 ounce) package frozen shredded hash brown potatoes, thawed, ¼ cup butter, melted, 5  eggs, lightly beaten, 1 ½ cups shredded Swiss cheese, 1 cup cooked ham, ¼ cup milk, salt and pepper to taste",Original recipe (1X) yields 4 servings,"{'Calories': '525', 'Fat': '43g', 'Carbs': '23g', 'Protein': '28g'}",4.4,https://www.allrecipes.com/recipe/24345/shredded-potato-quiche/
Brownies,Snickers Brownies, 1 hr 15 mins,15 mins,30 mins,"1 ½ cups white sugar, ¾ cup all-purpose flour, ½ cup unsweetened cocoa powder, ½ teaspoon salt, ¼ teaspoon baking powder, ¾ cup butter, melted, 3  eggs, 1 teaspoon vanilla extract, 2 cups chocolate-coated caramel-peanut nougat candy (such as Snickers®), chopped, divided",Original recipe (1X) yields 12 servings,"{'Calories': '387', 'Fat': '20g', 'Carbs': '50g', 'Protein': '5g'}",4.9,https://www.allrecipes.com/recipe/267899/snickers-brownies/
Breakfast Casseroles,Croque Monsieur Casserole, 2 hrs 5 mins,15 mins, 1 hr 15 mins,"12  sourdough English muffins, 10 tablespoons butter, 2 tablespoons Dijon mustard, 8 large eggs, 1 1/4 cups half-and-half, 1 1/2 teaspoons kosher salt, 3/4 teaspoon pepper, 1/2 pound sliced ham, 3 cups Swiss or Gruyere cheese, 2 cups milk, 4 tablespoons all-purpose flour, 1/8 teaspoon nutmeg, 3 tablespoons grated Parmesan cheese",Original recipe (1X) yields 10 servings,"{'Calories': '906', 'Fat': '52g', 'Carbs': '80g', 'Protein': '30g'}",5.0,https://www.allrecipes.com/croque-monsieur-casserole-recipe-8714012
Zucchini Breads,Gluten-Free Zucchini Bread, 1 hr 20 mins,15 mins, 1 hr,"1 cup diced zucchini, ½ cup canola oil, 2 large eggs, 1 teaspoon gluten-free vanilla extract, 1 cup white sugar, ½ cup white rice flour, ½ cup sweet rice flour, ½ cup cornstarch, 2 tablespoons tapioca starch, 1 teaspoon baking powder, 1 teaspoon ground cinnamon, ¾ teaspoon baking soda, ½ teaspoon xanthan gum, ½ teaspoon salt, 1 tablespoon confectioners' sugar, 1 teaspoon lemon juice",Original recipe (1X) yields 10 servings,"{'Calories': '284', 'Fat': '12g', 'Carbs': '42g', 'Protein': '2g'}",4.9,https://www.allrecipes.com/recipe/233522/gluten-free-zucchini-bread/
Zucchini Breads,Farm Fresh Zucchini Cranberry Nut Muffins,45 mins,20 mins,25 mins,"6 tablespoons all-purpose flour, 1/4 cup brown sugar, 2 tablespoons butter, 1 cup white sugar, ½ cup margarine, softened, 1  egg, 1 ½ teaspoons vanilla extract, 1 ½ cups all-purpose flour, 1 ½ teaspoons baking powder, ½ teaspoon baking soda, ¼ teaspoon salt, 1 cup grated zucchini, 1 cup cranberries, ½ cup walnut pieces",Original recipe (1X) yields 12 servings,"{'Calories': '278', 'Fat': '13g', 'Carbs': '38g', 'Protein': '3g'}",4.7,https://www.allrecipes.com/recipe/233429/farm-fresh-zucchini-cranberry-nut-muffins/
Breakfast Potatoes,Potato Skillet,40 mins,10 mins,30 mins,"4 slices bacon, 2  peeled and diced potatoes, ⅛ teaspoon garlic salt, ⅛ teaspoon seasoning salt, ⅛ teaspoon black pepper, 3  eggs, beaten, ¼ cup shredded Cheddar cheese",Original recipe (1X) yields 2 servings,"{'Calories': '485', 'Fat': '37g', 'Carbs': '16g', 'Protein': '21g'}",4.5,https://www.allrecipes.com/recipe/24156/potato-skillet/
Yeast Breads,Traditional White Bread, 2 hrs 30 mins,20 mins,30 mins,"2 (.25 ounce) packages active dry yeast, 3 tablespoons white sugar, 2 ½ cups warm water (110 degrees F/45 degrees C), 6 ½ cups bread flour, 3 tablespoons lard, softened, 1 tablespoon salt",Original recipe (1X) yields 20 servings,"{'Calories': '167', 'Fat': '3g', 'Carbs': '30g', 'Protein': '5g'}",4.8,https://www.allrecipes.com/recipe/20066/traditional-white-bread/
Yeast Breads,No-Knead Focaccia, 17 hrs 55 mins,45 mins,30 mins,"4 cups bread flour, 2 tablespoons bread flour, ¼ teaspoon active dry yeast, 2 teaspoons kosher salt, 4 teaspoons extra-virgin olive oil, or more as needed, 1 ⅔ cups water, at room temperature, 1 tablespoon minced fresh rosemary, 1 tablespoon flaky sea salt",Original recipe (1X) yields 12 servings,"{'Calories': '155', 'Fat': '2g', 'Carbs': '28g', 'Protein': '5g'}",4.8,https://www.allrecipes.com/recipe/8443216/no-knead-big-bubble-focaccia/
Breakfast Potatoes,Potato Cake,35 mins,15 mins,20 mins,"2 cups mashed potatoes, 1  egg, beaten, ½ cup all-purpose flour, salt to taste, 1 pinch garlic salt, 1 tablespoon butter, 1 cup shredded Cheddar cheese",,"{'Calories': '603', 'Fat': '29g', 'Carbs': '62g', 'Protein': '25g'}",4.4,https://www.allrecipes.com/recipe/14119/potato-cake/
Yeast Breads,Copycat Cheesecake Factory Brown Bread, 3 hrs 40 mins,25 mins,25 mins,"1 1/2 cups water, 1 tablespoon honey, 1 package dry yeast, 3 1/4 cups bread flour,, 1 2/3 cups whole wheat flour, 2 tablespoons unsweetened cocoa powder, 1 1/4 teaspoons salt, 3 tablespoons butter, softened, 1/4 cup honey, 2 tablespoons molasses, 1/4 cup cornmeal, 1/4 cup regular rolled oats",Original recipe (1X) yields 16 servings,"{'Calories': '197', 'Fat': '3g', 'Carbs': '38g', 'Protein': '5g'}",4.5,https://www.allrecipes.com/copycat-cheesecake-factory-brown-bread-recipe-8721666
Yeast Breads,English Muffins, 2 hrs 15 mins,25 mins,20 mins,"1 cup milk, 2 tablespoons white sugar, 1 cup warm water (110 degrees F/45 degrees C), 1 (.25 ounce) package active dry yeast, 6 cups all-purpose flour, ¼ cup melted shortening, 1 teaspoon salt, ¼ cup cornmeal, or more as needed",Original recipe (1X) yields 18 servings,"{'Calories': '190', 'Fat': '4g', 'Carbs': '34g', 'Protein': '5g'}",4.4,https://www.allrecipes.com/recipe/6947/english-muffins/
Yeast Breads,Amazing Whole Wheat Pizza Crust, 2 hrs 20 mins,25 mins,,"1 ½ cups warm water (110 degrees F/45 degrees C), 1 teaspoon white sugar, 1 tablespoon active dry yeast, 1 tablespoon olive oil, 1 teaspoon salt, 2 cups whole wheat flour, 1 ½ cups all-purpose flour",Original recipe (1X) yields 10 servings,"{'Calories': '167', 'Fat': '2g', 'Carbs': '33g', 'Protein': '6g'}",4.6,https://www.allrecipes.com/recipe/46595/amazing-whole-wheat-pizza-crust/
Yeast Breads,Danish Pastry, 3 hrs 10 mins, 1 hr,10 mins,"2 cups unsalted butter, softened, ⅔ cup all-purpose flour, 8 cups all-purpose flour, divided, 4 ½ teaspoons active dry yeast, 2 ½ cups milk, ½ cup white sugar, 2 teaspoons salt, 2 large eggs, 1 teaspoon lemon extract, 1 teaspoon almond extract, 2 cups fruit preserves, any flavor, 1 large egg white, beaten",Original recipe (1X) yields 36 servings,"{'Calories': '273', 'Fat': '11g', 'Carbs': '39g', 'Protein': '4g'}",4.4,https://www.allrecipes.com/recipe/27342/danish-pastry/
Whole30,Corned Beef Roast, 5 hrs 15 mins,15 mins, 5 hrs,"1 (5 1/2 pound) corned beef brisket with spice packet, 7 small potatoes, peeled and diced, 4 medium carrots, peeled and diced, 1 medium onion, diced, 3 cloves garlic, chopped",Original recipe (1X) yields 8 servings,"{'Calories': '465', 'Fat': '26g', 'Carbs': '28g', 'Protein': '28g'}",4.6,https://www.allrecipes.com/recipe/83646/corned-beef-roast/
Whole30,Basic Fruit Smoothie,10 mins,10 mins,,"1 quart strawberries, hulled, 2  fresh peaches - peeled, pitted, and sliced, 1  banana, broken into chunks, 2 cups ice, 1 cup orange-peach-mango juice",Original recipe (1X) yields 4 servings,"{'Calories': '118', 'Fat': '1g', 'Carbs': '29g', 'Protein': '2g'}",4.4,https://www.allrecipes.com/recipe/23553/basic-fruit-smoothie/
Yeast Breads,Challah Bread, 3 hrs 40 mins,30 mins,40 mins,"2 ½ cups warm water (110 degrees F/45 degrees C), 1 tablespoon active dry yeast, ½ cup honey, 4 tablespoons vegetable oil, 3 large eggs, divided, 1 tablespoon salt, 8 cups unbleached all-purpose flour, 1 tablespoon poppy seeds (Optional)",Original recipe (1X) yields 30 servings,"{'Calories': '165', 'Fat': '3g', 'Carbs': '30g', 'Protein': '4g'}",4.7,https://www.allrecipes.com/recipe/6760/challah-i/
Whole30,Fresh Homemade Salsa, 1 hr 20 mins,20 mins,,"2 cups chopped tomatoes, ¼ cup chopped red onion, ¼ cup chopped yellow onion, 2 tablespoons canned green chilies, 2 tablespoons fresh lime juice, 2 tablespoons chopped fresh cilantro, 2 cloves garlic, peeled, 1 teaspoon ground cumin, ¼ teaspoon salt",Original recipe (1X) yields 12 servings,"{'Calories': '11', 'Fat': '0g', 'Carbs': '2g', 'Protein': '0g'}",4.8,https://www.allrecipes.com/recipe/230878/fresh-homemade-salsa/
Whole30,Bacon for the Family or a Crowd,20 mins,5 mins,15 mins,1 pound thick sliced bacon,Original recipe (1X) yields 4 servings,"{'Calories': '203', 'Fat': '16g', 'Carbs': '1g', 'Protein': '14g'}",4.6,https://www.allrecipes.com/recipe/158727/bacon-for-the-family-or-a-crowd/
Whole30,Beef Pot Roast, 2 hrs 30 mins,20 mins, 2 hrs,"2 teaspoons olive oil, 4 pounds boneless chuck roast, 1  onion, chopped, 2 cloves garlic, minced, 2  bay leaves, 1 teaspoon salt, ½ teaspoon freshly ground black pepper",Original recipe (1X) yields 8 servings,"{'Calories': '551', 'Fat': '42g', 'Carbs': '2g', 'Protein': '39g'}",4.6,https://www.allrecipes.com/recipe/14621/beef-pot-roast/
Whole30,Herbs de Provence,5 mins,5 mins,,"2 tablespoons dried rosemary, 1 tablespoon fennel seed, 2 tablespoons dried savory, 2 tablespoons dried thyme, 2 tablespoons dried basil, 2 tablespoons dried marjoram, 2 tablespoons dried lavender flowers, 2 tablespoons dried Italian parsley, 1 tablespoon dried oregano, 1 tablespoon dried tarragon, 1 teaspoon bay powder",Original recipe (1X) yields 48 servings,"{'Calories': '4', 'Fat': '0g', 'Carbs': '1g', 'Protein': '0g'}",4.8,https://www.allrecipes.com/recipe/223272/herbs-de-provence/
Whole30,Pinakbet,45 mins,15 mins,30 mins,"3 tablespoons olive oil, 1  onion, chopped, 2 cloves garlic, minced, ½ pound pork loin, chopped, ½ pound peeled and deveined prawns, salt and pepper to taste, 1  tomato, chopped, ¼ pound zucchini, seeded and cut into bite-size pieces, ¼ pound fresh okra, ends trimmed, ¼ pound fresh green beans, trimmed, ¼ pound eggplant, cut into bite-size pieces, 1 small bitter melon, cut into bite-size pieces",Original recipe (1X) yields 6 servings,"{'Calories': '184', 'Fat': '10g', 'Carbs': '9g', 'Protein': '14g'}",4.7,https://www.allrecipes.com/recipe/212994/pinakbet/
Whole30,Roast Potatoes,30 mins,10 mins,20 mins,"2 pounds red potatoes, cut into quarters, 2 tablespoons vegetable oil, 1 teaspoon salt, ½ teaspoon freshly ground black pepper, ½ teaspoon dried rosemary, crushed",Original recipe (1X) yields 4 servings,"{'Calories': '227', 'Fat': '7g', 'Carbs': '36g', 'Protein': '4g'}",4.6,https://www.allrecipes.com/recipe/18324/roast-potatoes/
Whole30,Baked Sweet Potatoes, 1 hr,15 mins,45 mins,"2 tablespoons olive oil, 3 large sweet potatoes, 2 pinches dried oregano or to taste, 2 pinches salt, 2 pinches ground black pepper",Original recipe (1X) yields 4 servings,"{'Calories': '181', 'Fat': '7g', 'Carbs': '28g', 'Protein': '3g'}",4.7,https://www.allrecipes.com/recipe/18249/baked-sweet-potatoes/
Whole30,Absolutely Fabulous Greek Salad Dressing,10 mins,10 mins,,"1 ½ quarts olive oil, ⅓ cup garlic powder, ⅓ cup dried oregano, ⅓ cup dried basil, ¼ cup ground black pepper, ¼ cup salt, ¼ cup onion powder, ¼ cup Dijon-style mustard, 2 quarts red wine vinegar",Original recipe (1X) yields 120 servings,"{'Calories': '104', 'Fat': '11g', 'Carbs': '2g', 'Protein': '0g'}",4.7,https://www.allrecipes.com/recipe/36520/absolutely-fabulous-greekhouse-dressing/
Whole30,Blackened Seasoning Mix,5 mins,5 mins,,"1 ½ tablespoons paprika, 1 tablespoon garlic powder, 1 tablespoon onion powder, 1 tablespoon ground dried thyme, 1 teaspoon ground black pepper, 1 teaspoon cayenne pepper, 1 teaspoon dried basil, 1 teaspoon dried oregano",Original recipe (1X) yields 12 servings,"{'Calories': '9', 'Fat': '0g', 'Carbs': '2g', 'Protein': '0g'}",4.7,https://www.allrecipes.com/recipe/174668/blackened-seasoning-mix/
Whole30,The Best Lemon Vinaigrette,10 mins,10 mins,,"¼ cup red wine vinegar, 2 tablespoons Dijon mustard, or to taste, 1 clove garlic, minced, 1 teaspoon dried oregano, ½ teaspoon kosher salt, ¼ teaspoon ground black pepper, ½ cup olive oil, 2 tablespoons fresh lemon juice",Original recipe (1X) yields 8 servings,"{'Calories': '128', 'Fat': '14g', 'Carbs': '2g', 'Protein': '0g'}",4.8,https://www.allrecipes.com/recipe/236780/the-best-lemon-vinaigrette/
Whole30,Hungarian Goulash, 2 hrs 15 mins,15 mins, 2 hrs,"⅓ cup vegetable oil, 3  onions, sliced, 2 tablespoons Hungarian sweet paprika, 3 teaspoons salt, divided, ½ teaspoon ground black pepper, 3 pounds beef stew meat, cut into 1 1/2 inch cubes, 1 ½ cups water, 1 (6 ounce) can tomato paste, 1 clove garlic, minced",Original recipe (1X) yields 8 servings,"{'Calories': '549', 'Fat': '42g', 'Carbs': '9g', 'Protein': '33g'}",4.4,https://www.allrecipes.com/recipe/19954/hungarian-goulash-i/
Whole30,Roasted Onions,35 mins,10 mins,25 mins,"4 medium yellow onions, 2 tablespoons olive oil, salt and ground black pepper to taste, 2 tablespoons balsamic vinegar",Original recipe (1X) yields 8 servings,"{'Calories': '54', 'Fat': '3g', 'Carbs': '6g', 'Protein': '1g'}",4.4,https://www.allrecipes.com/recipe/77009/roasted-onions/
Whole30,Santa Maria Grilled Tri-Tip Beef, 5 hrs 15 mins,20 mins,25 mins,"2 teaspoons salt, 2 teaspoons freshly ground black pepper, 2 teaspoons garlic powder, 1 ½ teaspoons paprika, 1 teaspoon onion powder, 1 teaspoon dried rosemary, ¼ teaspoon cayenne pepper, 1 (2 1/2 pound) beef tri-tip roast, ⅓ cup red wine vinegar, ⅓ cup vegetable oil, 4 cloves crushed garlic, ½ teaspoon Dijon mustard",Original recipe (1X) yields 6 servings,"{'Calories': '452', 'Fat': '24g', 'Carbs': '4g', 'Protein': '53g'}",4.9,https://www.allrecipes.com/recipe/236992/santa-maria-grilled-tri-tip-beef/
Whole30,Simple Broccolini,15 mins,10 mins,5 mins,"1 bunch broccolini, 2 tablespoons olive oil, 1 clove garlic, minced, 1  lemon wedge, 1 pinch red pepper flakes (Optional), salt and ground black pepper to taste",Original recipe (1X) yields 2 servings,"{'Calories': '218', 'Fat': '14g', 'Carbs': '18g', 'Protein': '8g'}",4.7,https://www.allrecipes.com/recipe/240206/simple-broccolini/
Whole30,Kalua Pig in a Slow Cooker, 20 hrs 10 mins,10 mins, 20 hrs,"1 (6 pound) pork butt roast, 1 ½ tablespoons Hawaiian sea salt, 1 tablespoon liquid smoke flavoring",Original recipe (1X) yields 12 servings,"{'Calories': '243', 'Fat': '15g', 'Protein': '26g'}",4.7,https://www.allrecipes.com/recipe/24035/kalua-pig-in-a-slow-cooker/
Whole30,Southern-Style Neck Bones, 3 hrs,15 mins, 2 hrs 45 mins,"2  onions, roughly chopped, 5 cloves garlic, roughly chopped, ¼ cup water, 1 tablespoon distilled white vinegar, 4 pounds pork neck bones, 1 ½ teaspoons salt, 1 teaspoon ground black pepper",Original recipe (1X) yields 5 servings,"{'Calories': '1134', 'Fat': '102g', 'Carbs': '10g', 'Protein': '42g'}",4.8,https://www.allrecipes.com/recipe/184008/southern-style-neck-bones/
Whole30,Herb Rubbed Sirloin Tip Roast, 1 hr 45 mins,15 mins, 1 hr,"1 ¼ tablespoons paprika, 1 tablespoon kosher salt, 1 teaspoon garlic powder, ½ teaspoon ground black pepper, ½ teaspoon onion powder, ½ teaspoon ground cayenne pepper, ½ teaspoon dried oregano, ½ teaspoon dried thyme, 2 tablespoons olive oil, 1 (3 pound) sirloin tip roast",Original recipe (1X) yields 6 servings,"{'Calories': '394', 'Fat': '25g', 'Carbs': '2g', 'Protein': '38g'}",4.6,https://www.allrecipes.com/recipe/54839/herb-rubbed-sirloin-tip-roast/
Whole30,Dry Onion Soup Mix,5 mins,5 mins,,"¼ cup dried onion flakes, 2 tablespoons low-sodium beef bouillon granules, ¼ teaspoon onion powder, ¼ teaspoon parsley flakes, ⅛ teaspoon celery seed, ⅛ teaspoon paprika, ⅛ teaspoon ground black pepper",Original recipe (1X) yields 4 servings,"{'Calories': '34', 'Fat': '1g', 'Carbs': '5g', 'Protein': '2g'}",4.8,https://www.allrecipes.com/recipe/217155/dry-onion-soup-mix/
Whole30,Best Salmon Bake,35 mins,15 mins,20 mins,"1 (1 pound) salmon fillet, halved, 1 small tomato, chopped, 5  green onions, chopped, ¼ teaspoon salt, ¼ teaspoon pepper",Original recipe (1X) yields 2 servings,"{'Calories': '386', 'Fat': '22g', 'Carbs': '5g', 'Protein': '40g'}",4.5,https://www.allrecipes.com/recipe/71387/best-salmon-bake/
Whole30,Baked Fresh Rainbow Trout,30 mins,10 mins,20 mins,"2 teaspoons olive oil, divided, 2  whole rainbow trout, gutted and cleaned, heads and tails still on, ¼ teaspoon dried dill weed, ¼ teaspoon dried thyme, salt to taste, ½ large onion, sliced, 2 thin slices lemon (Optional), 2 tablespoons hot water, ground black pepper to taste",Original recipe (1X) yields 6 servings,"{'Calories': '373', 'Fat': '15g', 'Carbs': '2g', 'Protein': '54g'}",4.6,https://www.allrecipes.com/recipe/236814/baked-fresh-rainbow-trout/
Whole30,Stove Top Pot Roast, 3 hrs 30 mins,15 mins, 3 hrs 15 mins,"2 tablespoons vegetable oil, 1 (3 pound) beef chuck roast, 4 cups water, or as needed, 4 stalks celery, chopped, 4 cloves garlic, crushed, 1  red onion, chopped, 1 tablespoon dried basil, salt and pepper to taste, 6  turnips, peeled and cut into chunks, 6 medium red potatoes, quartered, 6  carrots, peeled and cut into chunks",Original recipe (1X) yields 6 servings,"{'Calories': '608', 'Fat': '30g', 'Carbs': '52g', 'Protein': '33g'}",4.2,https://www.allrecipes.com/recipe/131931/stove-top-pot-roast/
Whole30,Homemade Pickling Spice,10 mins,10 mins,,"2 tablespoons whole mustard seeds, 1 tablespoon whole allspice berries, 2 teaspoons whole coriander seeds, 1 teaspoon red pepper flakes, or more to taste, 1 teaspoon ground ginger, 2  bay leaves, crumbled, 2  cinnamon sticks, broken in half, 6  whole cloves",Original recipe (1X) yields 6 servings,"{'Calories': '29', 'Fat': '1g', 'Carbs': '4g', 'Protein': '1g'}",4.8,https://www.allrecipes.com/recipe/231256/homemade-pickling-spice/
Whole30,Easy Garlic Kale,15 mins,7 mins,8 mins,"1 bunch kale, 1 tablespoon olive oil, 1 teaspoon minced garlic",Original recipe (1X) yields 4 servings,"{'Calories': '87', 'Fat': '4g', 'Carbs': '11g', 'Protein': '4g'}",4.4,https://www.allrecipes.com/recipe/241074/easy-garlic-kale/
Whole30,Spicy Grilled Shrimp,20 mins,15 mins,5 mins,"1 large clove garlic, 1 teaspoon coarse salt, 1 teaspoon paprika, ½ teaspoon cayenne pepper, 2 tablespoons olive oil, 2 teaspoons lemon juice, 2 pounds large shrimp, peeled and deveined, 8 wedges lemon, for garnish",Original recipe (1X) yields 6 servings,"{'Calories': '164', 'Fat': '6g', 'Carbs': '3g', 'Protein': '25g'}",4.6,https://www.allrecipes.com/recipe/12775/spicy-grilled-shrimp/
Whole30,Grilled Beef Tenderloin with Herb-Garlic-Pepper Coating, 1 hr 25 mins,15 mins,45 mins,"1 (5 pound) whole beef tenderloin, 8 large garlic cloves, minced, 6 tablespoons olive oil, 2 tablespoons minced fresh rosemary, 2 tablespoons coarsely ground black pepper, 1 tablespoon dried thyme leaves, 1 tablespoon salt",Original recipe (1X) yields 16 servings,"{'Calories': '509', 'Fat': '40g', 'Carbs': '1g', 'Protein': '34g'}",4.9,https://www.allrecipes.com/recipe/107086/grilled-beef-tenderloin-with-herb-garlic-pepper-coating/
Whole30,"Daddy Eddie's Roast Pork (Pernil), Puerto Rican-Style", 13 hrs 15 mins,15 mins, 4 hrs,"10 cloves garlic, or more to taste, ¼ cup olive oil, 3 tablespoons white vinegar, 2 tablespoons dried oregano, 1 tablespoon salt, 1 ½ teaspoons ground black pepper, 5 pounds pork shoulder, trimmed of excess fat",Original recipe (1X) yields 8 servings,"{'Calories': '355', 'Fat': '24g', 'Carbs': '2g', 'Protein': '32g'}",4.8,https://www.allrecipes.com/recipe/254168/daddy-eddies-roast-pork-pernil-puerto-rican-style/
Whole30,Slow Cooker Baked Potatoes, 4 hrs 40 mins,10 mins, 4 hrs 30 mins,"4  baking potatoes, well scrubbed, 1 tablespoon extra virgin olive oil, kosher salt to taste, 4 sheets aluminum foil",Original recipe (1X) yields 4 servings,"{'Calories': '254', 'Fat': '4g', 'Carbs': '51g', 'Protein': '6g'}",4.6,https://www.allrecipes.com/recipe/215314/slow-cooker-baked-potatoes/
Whole30,Crisp Pickled Green Beans,14 days 8 hrs 35 mins,15 mins,20 mins,"2 ½ cups distilled white vinegar, 2 cups water, ¼ cup salt, 1 clove garlic, peeled, 2 ½ pounds fresh green beans, 6 large sprigs dill, ¾ teaspoon red pepper flakes (Optional)",Original recipe (1X) yields 48 servings,"{'Calories': '8', 'Carbs': '2g', 'Protein': '1g'}",4.6,https://www.allrecipes.com/recipe/62594/crisp-pickled-green-beans/
Whole30,Blackened Chicken,25 mins,10 mins,15 mins,"½ teaspoon paprika, ¼ teaspoon cayenne pepper, ¼ teaspoon ground cumin, ¼ teaspoon dried thyme, ⅛ teaspoon onion powder, ⅛ teaspoon ground white pepper, ⅛ teaspoon salt, 2  skinless, boneless chicken breast halves, cooking spray",Original recipe (1X) yields 2 servings,"{'Calories': '135', 'Fat': '3g', 'Carbs': '1g', 'Protein': '25g'}",4.6,https://www.allrecipes.com/recipe/8571/blackened-chicken/
Whole30,Grilled Veggie Skewers,20 mins,10 mins,10 mins,"1  fresh pineapple, cut into chunks, 2 medium zucchinis, cut into 1-inch slices, 2 medium yellow squash, cut into 1-inch slices, ½ pound whole fresh mushrooms, 1 medium red onion, cut into chunks, 12  cherry tomatoes, 1 medium red bell pepper, cut into chunks, 8  bamboo skewers, soaked in water for 20 minutes, ⅓ cup olive oil, 1 ½ teaspoons dried basil, ¾ teaspoon dried oregano, ½ teaspoon salt, ⅛ teaspoon ground black pepper",Original recipe (1X) yields 4 servings,"{'Calories': '406', 'Fat': '19g', 'Carbs': '60g', 'Protein': '7g'}",4.6,https://www.allrecipes.com/recipe/229166/grilled-veggie-skewers/
Whole30,Roasted Okra,15 mins,5 mins,10 mins,"18  fresh okra pods, sliced 1/3 inch thick, 1 tablespoon olive oil, 2 teaspoons kosher salt, or to taste, 2 teaspoons black pepper, or to taste",Original recipe (1X) yields 3 servings,"{'Calories': '65', 'Fat': '5g', 'Carbs': '6g', 'Protein': '2g'}",4.7,https://www.allrecipes.com/recipe/204478/roasted-okra/
Whole30,Chicken Tinola,50 mins,30 mins,20 mins,"1 tablespoon cooking oil, 1 medium onion, chopped, 2 cloves garlic, minced, 1 (1 1/2 inch) piece fresh ginger, peeled and thinly sliced, 1 tablespoon fish sauce, 3 pounds chicken legs and thighs, rinsed and patted dry, 2 (14 ounce) cans chicken broth, 1  chayote squash, peeled and cut into bite-sized pieces, salt and ground black pepper to taste, 1 head bok choy, chopped, 1 (8 ounce) package fresh spinach, chopped",Original recipe (1X) yields 4 servings,"{'Calories': '532', 'Fat': '23g', 'Carbs': '14g', 'Protein': '66g'}",4.6,https://www.allrecipes.com/recipe/212929/chicken-tinola/
Whole30,Chef John's Perfect Hard-Boiled Eggs,50 mins,5 mins,5 mins,6  eggs,Original recipe (1X) yields 6 servings,"{'Calories': '72', 'Fat': '5g', 'Carbs': '0g', 'Protein': '6g'}",4.0,https://www.allrecipes.com/recipe/235595/how-to-make-perfect-hard-boiled-eggs/
Whole30,Roasted Cabbage,40 mins,10 mins,30 mins,"2 tablespoons extra-virgin olive oil, ½ head green cabbage, cut into 4 wedges, 1 pinch garlic powder, or to taste, 1 pinch red pepper flakes, or to taste, salt and ground black pepper to taste, 2  lemons, halved",Original recipe (1X) yields 4 servings,"{'Calories': '193', 'Fat': '8g', 'Carbs': '37g', 'Protein': '5g'}",4.7,https://www.allrecipes.com/recipe/240800/roasted-cabbage/
Whole30,Oven Roasted Potatoes,45 mins,15 mins,30 mins,"⅛ cup olive oil, 1 tablespoon minced garlic, ½ teaspoon dried basil, ½ teaspoon dried marjoram, ½ teaspoon dried dill weed, ½ teaspoon dried thyme, ½ teaspoon dried oregano, ½ teaspoon dried parsley, ½ teaspoon crushed red pepper flakes, ½ teaspoon salt, 4 large potatoes, peeled and cubed",Original recipe (1X) yields 4 servings,"{'Calories': '289', 'Fat': '7g', 'Carbs': '53g', 'Protein': '5g'}",4.7,https://www.allrecipes.com/recipe/20963/oven-roasted-potatoes/
Whole30,BBQ Country-Style Ribs, 3 hrs 15 mins,15 mins, 3 hrs,"10  country style pork ribs, 2 teaspoons minced garlic, 1 medium lemon, thinly sliced, 1 (18 ounce) bottle barbeque sauce",Original recipe (1X) yields 5 servings,"{'Calories': '625', 'Fat': '31g', 'Carbs': '39g', 'Protein': '46g'}",4.6,https://www.allrecipes.com/recipe/23221/bbq-country-style-ribs/
Whole30,"Fried Cabbage with Bacon, Onion, and Garlic", 1 hr 15 mins,15 mins, 1 hr,"6 slices bacon, chopped, 1 large onion, diced, 2 cloves garlic, minced, 1 large head cabbage, cored and sliced, 1 tablespoon salt, or to taste, 1 teaspoon ground black pepper, ½ teaspoon onion powder, ½ teaspoon garlic powder, ⅛ teaspoon paprika",Original recipe (1X) yields 6 servings,"{'Calories': '194', 'Fat': '13g', 'Carbs': '16g', 'Protein': '6g'}",4.6,https://www.allrecipes.com/recipe/196732/fried-cabbage-with-bacon-onion-and-garlic/
Whole30,Homemade Seasoned Salt,5 mins,5 mins,,"¼ cup kosher salt, 4 teaspoons ground black pepper, 1 teaspoon paprika, 1 teaspoon garlic powder, ½ teaspoon onion powder, ½  teaspoon cayenne pepper",Original recipe (1X) yields 19 servings,"{'Calories': '2', 'Carbs': '1g', 'Protein': '0g'}",4.8,https://www.allrecipes.com/recipe/237461/homemade-seasoned-salt/
Whole30,Healing Cabbage Soup,50 mins,15 mins,35 mins,"3 tablespoons olive oil, ½  onion, chopped, 2 cloves garlic, chopped, 2 quarts water, 4 teaspoons chicken bouillon granules, 1 teaspoon salt, or to taste, ½ teaspoon black pepper, or to taste, ½ head cabbage, cored and coarsely chopped, 1 (14.5 ounce) can Italian-style stewed tomatoes, drained and diced",Original recipe (1X) yields 8 servings,"{'Calories': '82', 'Fat': '5g', 'Carbs': '9g', 'Protein': '2g'}",4.7,https://www.allrecipes.com/recipe/82923/healing-cabbage-soup/
Whole30,Chicken Seasoning Blend,5 mins,5 mins,,"1 ½ teaspoons sea salt, 1 teaspoon dried basil, 1 teaspoon crushed dried rosemary, ½ teaspoon garlic powder, ½ teaspoon dry mustard powder, ½ teaspoon paprika, ½ teaspoon ground black pepper, ½ teaspoon ground dried thyme, ¼ teaspoon celery seed, ¼ teaspoon dried parsley, ⅛ teaspoon ground cumin, ⅛ teaspoon cayenne pepper, ⅛ teaspoon chicken bouillon granules",Original recipe (1X) yields 6 servings,"{'Calories': '6', 'Fat': '0g', 'Carbs': '1g', 'Protein': '0g'}",4.7,https://www.allrecipes.com/recipe/174452/chicken-seasoning-blend/
Whole30,Easy Lemon-Pepper Chicken Wings,20 mins,10 mins,10 mins,"2 cups oil, or as needed, 2 tablespoons extra-virgin olive oil, 1 tablespoon lemon-pepper seasoning, 12  chicken wings",Original recipe (1X) yields 4 servings,"{'Calories': '1181', 'Fat': '123g', 'Carbs': '0g', 'Protein': '21g'}",4.7,https://www.allrecipes.com/recipe/236418/easy-lemon-pepper-chicken-wings/
Whole30,Fish in Foil,25 mins,10 mins,15 mins,"2  rainbow trout fillets, 1 tablespoon olive oil, 2 teaspoons garlic salt, 1 teaspoon ground black pepper, 2 sheets heavy-duty aluminum foil, 1  fresh jalapeno pepper, sliced, 1  lemon, sliced",Original recipe (1X) yields 2 servings,"{'Calories': '213', 'Fat': '11g', 'Carbs': '8g', 'Protein': '24g'}",4.4,https://www.allrecipes.com/recipe/21306/fish-in-foil/
Whole30,Homemade Poultry Seasoning,5 mins,5 mins,,"2 teaspoons ground dried sage, 1 ½ teaspoons ground dried thyme, 1 teaspoon ground dried marjoram, ¾ teaspoon ground dried rosemary, ½ teaspoon ground nutmeg, ½ teaspoon finely ground black pepper",Original recipe (1X) yields 6 servings,"{'Calories': '3', 'Fat': '0g', 'Carbs': '1g', 'Protein': '0g'}",4.8,https://www.allrecipes.com/recipe/233909/homemade-poultry-seasoning/
Whole30,The Best Fresh Tomato Salsa,20 mins,20 mins,,"3 cups freshly chopped tomatoes, 1 cup finely diced onion, ½ cup chopped green bell pepper, ¼ cup minced fresh cilantro, 2 tablespoons fresh lime juice, 4 teaspoons chopped fresh jalapeño pepper (including seeds), ½ teaspoon ground cumin, ½ teaspoon kosher salt, or to taste, ½ teaspoon ground black pepper",Original recipe (1X) yields 40 servings,"{'Calories': '6', 'Fat': '0g', 'Carbs': '1g', 'Protein': '0g'}",4.8,https://www.allrecipes.com/recipe/214893/the-best-fresh-tomato-salsa/
Whole30,Creole Seasoning Blend,5 mins,5 mins,,"5 tablespoons paprika, 3 tablespoons salt, 2 tablespoons onion powder, 2 tablespoons garlic powder, 2 tablespoons dried oregano, 2 tablespoons dried basil, 1 tablespoon dried thyme, 1 tablespoon black pepper, 1 tablespoon white pepper, 1 tablespoon cayenne pepper",Original recipe (1X) yields 20 servings,"{'Calories': '16', 'Fat': '0g', 'Carbs': '3g', 'Protein': '1g'}",4.8,https://www.allrecipes.com/recipe/38214/creole-seasoning-blend/
Whole30,Greek Lemon Chicken and Potatoes, 1 hr,10 mins,50 mins,"4 pounds skin-on, bone-in chicken thighs, 3  russet potatoes, peeled and quartered, ½ cup fresh lemon juice, ½ cup olive oil, 6 cloves garlic, minced, 1 tablespoon dried oregano, 1 tablespoon kosher salt, 1 teaspoon dried rosemary, 1 teaspoon freshly ground black pepper, 1 pinch cayenne pepper, 1 cup chicken broth, divided, 1 teaspoon chopped fresh oregano, or to taste",Original recipe (1X) yields 4 servings,"{'Calories': '1139', 'Fat': '75g', 'Carbs': '35g', 'Protein': '80g'}",4.8,https://www.allrecipes.com/recipe/242352/greek-lemon-chicken-and-potatoes/
Whole30,Roasted New Red Potatoes,25 mins,5 mins,20 mins,"3 pounds small red new potatoes, halved, ¼ cup olive oil, 1 teaspoon salt and freshly ground black pepper",Original recipe (1X) yields 8 servings,"{'Calories': '179', 'Fat': '7g', 'Carbs': '27g', 'Protein': '3g'}",4.7,https://www.allrecipes.com/recipe/76954/roasted-new-red-potatoes/
Whole30,High Temperature Eye-of-Round Roast, 3 hrs 5 mins,5 mins, 3 hrs,"1 (3 pound) beef eye of round roast, salt and pepper to taste",Original recipe (1X) yields 6 servings,"{'Calories': '227', 'Fat': '13g', 'Protein': '27g'}",4.4,https://www.allrecipes.com/recipe/94113/high-temperature-eye-of-round-roast/
Whole30,Prize-Winning Baby Back Ribs, 1 hr 35 mins,30 mins, 1 hr 5 mins,"1 tablespoon ground cumin, 1 tablespoon chili powder, 1 tablespoon paprika, salt and pepper to taste, 3 pounds baby back pork ribs, 1 cup barbeque sauce",Original recipe (1X) yields 6 servings,"{'Calories': '911', 'Fat': '71g', 'Carbs': '21g', 'Protein': '48g'}",4.8,https://www.allrecipes.com/recipe/14539/prize-winning-baby-back-ribs/
Whole30,Caldo de Pollo, 2 hrs 10 mins,20 mins, 1 hr 50 mins,"5 pounds chicken leg quarters, 2 gallons water, 2 tablespoons minced garlic, 2 tablespoons salt, 1 tablespoon garlic powder, 1 cube chicken bouillon, 4 large carrots, peeled and cut into large chunks, 4 large potatoes, peeled and cut into large chunks, 4  zucchini, cut into large chunks, 1  chayote, cut into large chunks, 1 large white onion, cut into large chunks, ½ bunch fresh cilantro, chopped",Original recipe (1X) yields 8 servings,"{'Calories': '606', 'Fat': '25g', 'Carbs': '42g', 'Protein': '52g'}",4.8,https://www.allrecipes.com/recipe/231097/caldo-de-pollo/
Whole30,Grilled Asparagus,15 mins,10 mins,5 mins,"1 pound fresh asparagus spears, trimmed, 1 tablespoon olive oil, salt and pepper to taste",Original recipe (1X) yields 4 servings,"{'Calories': '55', 'Fat': '4g', 'Carbs': '5g', 'Protein': '3g'}",4.8,https://www.allrecipes.com/recipe/17445/grilled-asparagus/
Whole30,Baked Split Chicken Breast, 1 hr 40 mins,10 mins,45 mins,"2  large bone-in chicken breast halves with skin, ¼ cup extra-virgin olive oil, ½ teaspoon garlic, minced, ½ teaspoon coarse sea salt, ½ teaspoon cracked black pepper, ¼ teaspoon dried rosemary, ¼ teaspoon dried basil",Original recipe (1X) yields 2 servings,"{'Calories': '615', 'Fat': '42g', 'Carbs': '1g', 'Protein': '55g'}",4.6,https://www.allrecipes.com/recipe/231449/baked-split-chicken-breast/
Whole30,Easy Roasted Broccoli,30 mins,10 mins,20 mins,"14 ounces broccoli, 1 tablespoon olive oil, salt and ground black pepper to taste",Original recipe (1X) yields 4 servings,"{'Calories': '63', 'Fat': '4g', 'Carbs': '7g', 'Protein': '3g'}",4.7,https://www.allrecipes.com/recipe/240438/easy-roasted-broccoli/
Whole30,Easy Garam Masala,5 mins,5 mins,,"1 tablespoon ground cumin, 1 ½ teaspoons ground coriander, 1 ½ teaspoons ground cardamom, 1 ½ teaspoons ground black pepper, 1 teaspoon ground cinnamon, ½ teaspoon ground cloves, ½ teaspoon ground nutmeg",Original recipe (1X) yields 12 servings,"{'Calories': '6', 'Fat': '0g', 'Carbs': '1g', 'Protein': '0g'}",4.8,https://www.allrecipes.com/recipe/142967/easy-garam-masala/
Whole30,Slow Cooker Pot Roast, 8 hrs 40 mins,20 mins, 8 hrs 20 mins,"4 pounds chuck roast, salt and pepper to taste, 2 tablespoons olive oil, 1 packet dry onion soup mix, 1 cup water, 3  carrots, chopped, 3  potatoes, peeled and cubed, 1  onion, chopped, 1 stalk celery, chopped",Original recipe (1X) yields 8 servings,"{'Calories': '540', 'Fat': '31g', 'Carbs': '18g', 'Protein': '46g'}",4.6,https://www.allrecipes.com/recipe/16346/maries-easy-slow-cooker-pot-roast/
Whole30,Baked Kale Chips,30 mins,10 mins,20 mins,"1 bunch kale, 1 tablespoon olive oil, 1 teaspoon flaked sea salt",Original recipe (1X) yields 6 servings,"{'Calories': '58', 'Fat': '3g', 'Carbs': '8g', 'Protein': '3g'}",4.6,https://www.allrecipes.com/recipe/176957/baked-kale-chips/
Whole30,Easy Guacamole,40 mins,10 mins,,"2  ripe avocados, peeled and pitted, 1 small onion, finely chopped, 1  ripe tomato, chopped, 1 clove garlic, minced, 1  lime, juiced, salt and pepper to taste",Original recipe (1X) yields 16 servings,"{'Calories': '45', 'Fat': '4g', 'Carbs': '3g', 'Protein': '1g'}",4.6,https://www.allrecipes.com/recipe/14064/easy-guacamole/
Whole30,Baked Chicken Wings,45 mins,15 mins,30 mins,"3 tablespoons olive oil, 3 cloves garlic, pressed, 2 teaspoons chili powder, 1 teaspoon garlic powder, salt and ground black pepper to taste, 10  chicken wings",Original recipe (1X) yields 2 servings,"{'Calories': '532', 'Fat': '43g', 'Carbs': '4g', 'Protein': '32g'}",4.7,https://www.allrecipes.com/recipe/187822/baked-chicken-wings/
Whole30,Guacamole,15 mins,15 mins,,"3  avocados - peeled, pitted, and mashed, 1  lime, juiced, 1 teaspoon salt, 2  roma (plum) tomatoes, diced, ½ cup diced onion, 3 tablespoons chopped fresh cilantro, 1 teaspoon minced garlic, 1 pinch ground cayenne pepper (Optional)",Original recipe (1X) yields 4 servings,"{'Calories': '262', 'Fat': '22g', 'Carbs': '18g', 'Protein': '4g'}",4.8,https://www.allrecipes.com/recipe/14231/guacamole/
Whole30,Prosciutto-Wrapped Pork Tenderloin with Crispy Sage,50 mins,10 mins,35 mins,"1 pound pork tenderloin, salt and ground black pepper to taste, 1 bunch fresh sage, leaves removed and stems discarded, divided, 6 ounces prosciutto, 1 tablespoon olive oil, or more as needed",,"{'Calories': '294', 'Fat': '20g', 'Carbs': '1g', 'Protein': '26g'}",4.7,https://www.allrecipes.com/recipe/245210/prosciutto-wrapped-pork-tenderloin-with-crispy-sage/
Whole30,Homemade Chicken Soup, 1 hr 45 mins,15 mins, 1 hr 30 mins,"1 (3 pound) whole chicken, 4  carrots, halved, 4 stalks celery, halved, 1 large onion, halved, water to cover, salt and pepper to taste, 1 teaspoon chicken bouillon granules (Optional)",Original recipe (1X) yields 10 servings,"{'Calories': '152', 'Fat': '9g', 'Carbs': '4g', 'Protein': '13g'}",4.6,https://www.allrecipes.com/recipe/8814/homemade-chicken-soup/
Whole30,Bacon-Wrapped Cherries,25 mins,20 mins,5 mins,"36  maraschino cherries, stemmed, drained and juice reserved, 18 slices bacon slices, halved, 36  toothpicks",Original recipe (1X) yields 18 servings,"{'Calories': '65', 'Fat': '4g', 'Carbs': '4g', 'Protein': '3g'}",4.7,https://www.allrecipes.com/recipe/241782/bacon-wrapped-cherries/
Yeast Breads,Real Homemade Bagels, 3 hrs 20 mins,30 mins,20 mins,"1 ¼ cups water, 4 ½ cups bread flour, 3 tablespoons white sugar, 1 teaspoon salt, 2 tablespoons vegetable oil, 1 tablespoon instant yeast, 4 quarts water, 1 cup honey (Optional), 2 tablespoons poppy seeds (Optional), 2 tablespoons sesame seeds (Optional), 2 tablespoons dried onion flakes (Optional), 1 tablespoon coarse salt (Optional)",Original recipe (1X) yields 6 servings,"{'Calories': '278', 'Fat': '7g', 'Carbs': '56g', 'Protein': '2g'}",4.4,https://www.allrecipes.com/recipe/220619/real-homemade-bagels/
Yeast Breads,Monkey Bread from Scratch, 2 hrs 30 mins,25 mins,35 mins,"1 teaspoon vegetable oil, or as needed, ¼ cup warm water, 2 ½ teaspoons active dry yeast, 1 teaspoon white sugar, 3 ½ cups all-purpose flour, ¾ cup milk, warmed, 1 large egg, 3 tablespoons white sugar, 2 tablespoons melted butter, 1 teaspoon salt, ½ teaspoon vanilla extract, 1 ½ cups brown sugar, 1 ½ teaspoons ground cinnamon, ½ cup butter, melted",Original recipe (1X) yields 10 servings,"{'Calories': '427', 'Fat': '13g', 'Carbs': '72g', 'Protein': '6g'}",4.8,https://www.allrecipes.com/recipe/272308/monkey-bread-from-scratch/
Yeast Breads,Cinnamon Rolls From Frozen Bread Dough - EASY, 2 hrs 10 mins,15 mins,25 mins,"3 tablespoons melted butter, divided, 1 (1 pound) loaf frozen bread dough, thawed, ⅔ cup brown sugar, ½ cup chopped walnuts, 1 teaspoon ground cinnamon, ⅓ cup heavy whipping cream, ⅔ cup sifted confectioners' sugar, or as needed, 1 tablespoon milk, or more as needed, 1 dash vanilla extract",Original recipe (1X) yields 20 servings,"{'Calories': '152', 'Fat': '6g', 'Carbs': '23g', 'Protein': '3g'}",4.7,https://www.allrecipes.com/recipe/230133/cinnamon-rolls-from-frozen-bread-dough-easy/
Yeast Breads,Kouign-Amann, 4 hrs 35 mins,40 mins,25 mins,"1 cup warm water, 1 tablespoon white sugar, 1 teaspoon active dry yeast, 2 ½ cups bread flour, divided, 2 tablespoons melted butter, or more as needed, 1 teaspoon kosher salt, 2 sticks ice-cold unsalted butter, divided, ⅔ cup white sugar, 2 teaspoons sea salt",Original recipe (1X) yields 12 servings,"{'Calories': '291', 'Fat': '18g', 'Carbs': '30g', 'Protein': '3g'}",4.8,https://www.allrecipes.com/recipe/271049/kouign-amann/
Yeast Breads,Pepperoni Rolls, 2 hrs 10 mins,25 mins,15 mins,"1 cup warm water (100 degrees F/40 degrees C), ½ teaspoon white sugar, 1 (.25 ounce) package active dry yeast, 5 cups all-purpose flour, ¾ cup white sugar, 2 teaspoons salt, 2  eggs, beaten, ½ cup butter, melted, 1 (8 ounce) package sliced pepperoni",Original recipe (1X) yields 20 servings,"{'Calories': '247', 'Fat': '10g', 'Carbs': '32g', 'Protein': '7g'}",4.3,https://www.allrecipes.com/recipe/187812/pepperoni-rolls/
Yeast Breads,French Bread Rolls to Die For, 2 hrs 20 mins,20 mins,20 mins,"1 ½ cups warm water (110 degrees F/45 degrees C), 2 tablespoons white sugar, 1 tablespoon active dry yeast, 4 cups bread flour, 2 tablespoons vegetable oil, 1 teaspoon salt",Original recipe (1X) yields 16 servings,"{'Calories': '23', 'Fat': '2g', 'Carbs': '2g', 'Protein': '0g'}",4.6,https://www.allrecipes.com/recipe/23284/french-bread-rolls-to-die-for/
Yeast Breads,Tasty Buns, 1 hr 20 mins,20 mins,15 mins,"4 cups all-purpose flour, divided, or more as needed, 2 (.25 ounce) packages dry yeast, 1 cup milk, ¾ cup water, ½ cup vegetable oil, ¼ cup white sugar, 1 teaspoon salt",Original recipe (1X) yields 12 servings,"{'Calories': '300', 'Fat': '10g', 'Carbs': '45g', 'Protein': '7g'}",4.7,https://www.allrecipes.com/recipe/6761/tasty-buns/
Yeast Breads,Real NY Jewish Rye Bread, 3 hrs 25 mins,20 mins,35 mins,"2 cups unbleached bread flour (such as King Arthur®), 1 cup dark rye flour, 3 tablespoons dry potato flakes, 2 tablespoons caraway seeds, 1 ½ tablespoons demerara sugar, 2 ½ teaspoons instant yeast, 1 ½ teaspoons sea salt, 1 cup warm water, ¼ cup canola oil, ¼ cup sour pickle juice",Original recipe (1X) yields 14 servings,"{'Calories': '148', 'Fat': '5g', 'Carbs': '23g', 'Protein': '4g'}",4.8,https://www.allrecipes.com/recipe/230396/real-ny-jewish-rye-bread/
Yeast Breads,Best Basic Sweet Bread, 2 hrs 10 mins,20 mins,20 mins,"1 cup milk, ⅓ cup white sugar, 1 tablespoon active dry yeast, 4 cups all-purpose flour, ½ teaspoon salt, ⅓ cup unsalted butter, softened, 2 large eggs, 2 tablespoons vegetable oil, divided, or as needed",Original recipe (1X) yields 12 servings,"{'Calories': '263', 'Fat': '9g', 'Carbs': '39g', 'Protein': '7g'}",4.3,https://www.allrecipes.com/recipe/27023/best-basic-sweet-bread/
Yeast Breads,Homemade Pita Bread, 3 hrs 15 mins,30 mins,10 mins,"1 (.25 ounce) package active dry yeast, 1 cup warm water (100 degrees F / 38 degrees C), 1 cup all-purpose flour, 1 ½ tablespoons olive oil, 1 ¾ teaspoons salt, 1 ¾ cups all-purpose flour, or as needed, 1 teaspoon olive oil, divided",Original recipe (1X) yields 8 servings,"{'Calories': '187', 'Fat': '4g', 'Carbs': '33g', 'Protein': '5g'}",4.7,https://www.allrecipes.com/recipe/232719/chef-johns-pita-bread/
Yeast Breads,South African Traditional Vetkoek (Fried Bread), 1 hr 15 mins,20 mins,5 mins,"2 cups lukewarm water, ¼ cup white sugar, 1 (.25 ounce) package active dry yeast, 7 cups all-purpose flour, 2 teaspoons salt, 3 cups oil for frying",Original recipe (1X) yields 12 servings,"{'Calories': '332', 'Fat': '6g', 'Carbs': '60g', 'Protein': '8g'}",4.8,https://www.allrecipes.com/recipe/245683/south-african-traditional-vetkoek-fried-bread/
Yeast Breads,Focaccia Bread, 1 hr,20 mins,15 mins,"2 ¾ cups all-purpose flour, 1 tablespoon active dry yeast, 1 teaspoon salt, 1 teaspoon white sugar, 1 teaspoon garlic powder, 1 teaspoon dried oregano, 1 teaspoon dried thyme, ½ teaspoon dried basil, 1 pinch ground black pepper, 1 cup water, 1 tablespoon vegetable oil, 2 tablespoons olive oil, 1 cup mozzarella, 1 tablespoon grated Parmesan cheese",Original recipe (1X) yields 12 servings,"{'Calories': '171', 'Fat': '6g', 'Carbs': '23g', 'Protein': '6g'}",4.7,https://www.allrecipes.com/recipe/17918/focaccia-bread/
Yeast Breads,Chinese Steamed Buns, 4 hrs 45 mins,30 mins,45 mins,"1 ¾ cups all-purpose flour, divided, ¾ cup warm water, divided, 1 tablespoon active dry yeast, 1 teaspoon white sugar, 2 tablespoons white sugar, 1 tablespoon vegetable oil, ¼ teaspoon salt, ½ teaspoon baking powder",Original recipe (1X) yields 24 servings,"{'Calories': '44', 'Fat': '1g', 'Carbs': '8g', 'Protein': '1g'}",4.4,https://www.allrecipes.com/recipe/7011/chinese-steamed-buns/
Yeast Breads,Cinnamon Babka, 3 hrs 55 mins,30 mins,45 mins,"3 cups all-purpose flour, 1 (.25 ounce) package instant yeast, ¼ cup granulated sugar, 1 ¼ teaspoons kosher salt, ¼ teaspoon ground cinnamon, 1 large egg, ½ cup warm water (105 degrees F to 115 degrees F), 5 tablespoons unsalted butter, at room temperature, 1 ½ teaspoons vanilla extract, cooking spray, ½ cup firmly packed light brown sugar, ¼ cup all-purpose flour, 4 teaspoons ground cinnamon, ¼ cup unsalted butter, melted and cooled, 1 large egg yolk, 1 tablespoon tap water, 2 tablespoons all-purpose flour, 1 tablespoon firmly packed light brown sugar, ½ teaspoon ground cinnamon, ⅛ teaspoon kosher salt, 2 tablespoons cold unsalted butter",,"{'Calories': '276', 'Fat': '12g', 'Carbs': '38g', 'Protein': '5g'}",5.0,https://www.allrecipes.com/recipe/8494689/cinnamon-babka/
Winter Squash,Microwave Spaghetti Squash,20 mins,5 mins,15 mins,"1 (3 pound) spaghetti squash, 1 cup water, or as needed",Original recipe (1X) yields 4 servings,"{'Calories': '106', 'Fat': '2g', 'Carbs': '24g', 'Protein': '2g'}",5.0,https://www.allrecipes.com/recipe/282385/microwave-spaghetti-squash/
Winter Squash,Pumpkin Custard Pie,50 mins,15 mins,35 mins,"1 ¾ cups pumpkin puree, ¾ cup white sugar, 1 teaspoon ground cinnamon, ½ teaspoon ground ginger, ½ teaspoon salt, 1 cup heavy whipping cream, ½ cup milk, 2 large eggs, beaten, 1 (9 inch) frozen unbaked pie crust, thawed in the refrigerator, but still cold",Original recipe (1X) yields 8 servings,"{'Calories': '326', 'Fat': '20g', 'Carbs': '34g', 'Protein': '5g'}",4.7,https://www.allrecipes.com/recipe/13858/pumpkin-custard-pie/
Winter Squash,Real Pumpkin Pie, 2 hrs,15 mins, 1 hr 25 mins,"2  sugar pumpkins, halved and seeded, 4 large eggs, beaten, 1 cup heavy whipping cream, 1 cup sour cream, 2 cups demerara sugar, 2 tablespoons all-purpose flour, 2 tablespoons pumpkin pie spice, 1 teaspoon salt, 2 (9 inch) unbaked deep dish pie crusts",Original recipe (1X) yields 16 servings,"{'Calories': '364', 'Fat': '17g', 'Carbs': '50g', 'Protein': '5g'}",4.9,https://www.allrecipes.com/recipe/229594/fresh-sugar-pumpkin-pie/
Yeast Breads,Prosciutto Plum Focaccia, 11 hrs 40 mins,20 mins,20 mins,"1 packet active dry yeast, 1 cup water, 4 tablespoons olive oil, 1 teaspoon white sugar, 3 cups all-purpose flour, 1 1/2 teaspoons kosher salt, 12 slices plum, 4 slices prosciutto, 2 teaspoons rosemary, 1 teaspoon sea salt",Original recipe (1X) yields 12 servings,"{'Calories': '171', 'Fat': '5g', 'Carbs': '26g', 'Protein': '5g'}",5.0,https://www.allrecipes.com/prosciutto-plum-focaccia-recipe-8682374
Winter Squash,Roasted Winter Squash Seeds,25 mins,10 mins,15 mins,"1 cup butternut squash seeds or other hard squash seeds, 1 tablespoon olive oil, ½ teaspoon salt, or to taste",Original recipe (1X) yields 4 servings,"{'Calories': '217', 'Fat': '19g', 'Carbs': '6g', 'Protein': '9g'}",4.7,https://www.allrecipes.com/recipe/54873/roasted-winter-squash-seeds/
Winter Squash,The Best Pumpkin Bread, 1 hr 10 mins,20 mins,50 mins,"1 (15 ounce) can pumpkin puree, 2 cups white sugar, 1 cup vegetable oil, ⅔ cup water, 4 large eggs, 1 teaspoon vanilla extract, 3 ½ cups all-purpose flour, 2 teaspoons baking soda, 1 tablespoon ground cinnamon, 1 ½ teaspoons salt, 1 teaspoon ground nutmeg, ¼ teaspoon ground ginger",Original recipe (1X) yields 24 servings,"{'Calories': '232', 'Fat': '10g', 'Carbs': '32g', 'Protein': '3g'}",4.6,https://www.allrecipes.com/recipe/277579/the-best-pumpkin-bread/
Yeast Breads,French Bread, 2 hrs 45 mins,25 mins,35 mins,"1 tablespoon cornmeal, 6 cups all-purpose flour, 2 ½ (.25 ounce) packages active dry yeast, 1 ½ teaspoons salt, 2 cups warm water (110 degrees F/45 degrees C), 1  egg white, 1 tablespoon water",Original recipe (1X) yields 30 servings,"{'Calories': '94', 'Fat': '0g', 'Carbs': '20g', 'Protein': '3g'}",4.5,https://www.allrecipes.com/recipe/6882/french-bread/
Winter Squash,Pumpkin Fluff Dip,5 mins,5 mins,,"1 (15 ounce) can solid pack pumpkin, 1 (5 ounce) package instant vanilla pudding mix, 1 teaspoon pumpkin pie spice, 1 (16 ounce) container frozen whipped topping, thawed",Original recipe (1X) yields 32 servings,"{'Calories': '63', 'Fat': '4g', 'Carbs': '8g', 'Protein': '0g'}",4.6,https://www.allrecipes.com/recipe/24740/pumpkin-fluff-dip/
Winter Squash,Easy Pumpkin Chocolate Chip Bread, 1 hr 15 mins,15 mins, 1 hr,"1 ⅔ cups all-purpose flour, 1 cup white sugar, 1 tablespoon ground cinnamon, 1 teaspoon baking soda, ¼ teaspoon baking powder, ¼ teaspoon salt, 1 pinch ground nutmeg, 1 cup pumpkin puree, ½ cup butter, melted, 2  eggs, 1 cup chocolate chips",Original recipe (1X) yields 10 servings,"{'Calories': '338', 'Fat': '15g', 'Carbs': '49g', 'Protein': '4g'}",4.8,https://www.allrecipes.com/recipe/235257/easy-pumpkin-chocolate-chip-bread/
Winter Squash,Acorn Squash, 1 hr 5 mins,5 mins, 1 hr,"1 medium acorn squash, halved and seeded, 2 tablespoons brown sugar, 1 tablespoon butter",Original recipe (1X) yields 2 servings,"{'Calories': '189', 'Fat': '6g', 'Carbs': '36g', 'Protein': '2g'}",4.7,https://www.allrecipes.com/recipe/16796/acorn-squash/
Winter Squash,Pumpkin Oatmeal Chocolate Chip Cookies,25 mins,15 mins,10 mins,"2 cups packed brown sugar, 1 ½ cups unsalted butter, softened, 1 cup white sugar, 1 (15 ounce) can pumpkin puree, 1  egg, 1 teaspoon vanilla extract, 4 cups all-purpose flour, 2 cups quick-cooking oats, 2 teaspoons ground cinnamon, 2 teaspoons baking soda, 1 teaspoon baking powder, 1 teaspoon salt, 2 cups miniature chocolate chips",Original recipe (1X) yields 72 servings,"{'Calories': '128', 'Fat': '6g', 'Carbs': '19g', 'Protein': '1g'}",4.7,https://www.allrecipes.com/recipe/228740/pumpkin-oatmeal-chocolate-chip-cookies/
Winter Squash,Pumpkin Muffins with Streusel Topping,55 mins,30 mins,25 mins,"2 ½ cups all-purpose flour, ½ cup rolled oats, 4 teaspoons pumpkin pie spice, 2 teaspoons baking soda, 1 teaspoon baking powder, 1 teaspoon salt, 1 ½ cups pumpkin puree, 1 cup brown sugar, 1 cup white sugar, ⅔ cup vegetable oil, ½ cup applesauce, 3 large eggs, 1 teaspoon vanilla extract, ¼ cup raisins (Optional), ¼ cup packed brown sugar, 2 tablespoons butter, softened, 2 tablespoons rolled oats, 2 tablespoons all-purpose flour",Original recipe (1X) yields 18 servings,"{'Calories': '277', 'Fat': '11g', 'Carbs': '43g', 'Protein': '4g'}",4.8,https://www.allrecipes.com/recipe/228562/pumpkin-muffins-with-streusel-topping/
Winter Squash,Double Layer Pumpkin Pie, 4 hrs 15 mins,15 mins,,"1 cup cold milk, 1 (15 ounce) can solid pack pumpkin puree, 2 (3.5 ounce) packages instant vanilla pudding mix, 1 teaspoon ground cinnamon, ½ teaspoon ground ginger, ¼ teaspoon ground cloves, 4 ounces cream cheese, softened, 1 tablespoon milk, 1 tablespoon white sugar, 1 ½ cups frozen whipped topping, thawed, 1 (9-inch) prepared graham cracker crust",Original recipe (1X) yields 8 servings,"{'Calories': '356', 'Fat': '16g', 'Carbs': '51g', 'Protein': '4g'}",4.7,https://www.allrecipes.com/recipe/12482/double-layer-pumpkin-pie/
Winter Squash,Pumpkin Bars with Cream Cheese Frosting, 1 hr 15 mins,20 mins,25 mins,"4 large eggs, 2 cups white sugar, 1 cup vegetable oil, 1 (15 ounce) can pumpkin purée, 2 cups all-purpose flour, 2 teaspoons baking powder, 2 teaspoons ground cinnamon, 1 teaspoon baking soda, ¾ teaspoon salt, 1 (8 ounce) package cream cheese, softened, 1 cup unsalted butter, softened, 2 teaspoons vanilla extract, 4 cups confectioners' sugar, ¼ teaspoon ground cinnamon, or to taste",Original recipe (1X) yields 24 servings,"{'Calories': '373', 'Fat': '20g', 'Carbs': '48g', 'Protein': '2g'}",4.8,https://www.allrecipes.com/recipe/229508/pumpkin-bars-with-cream-cheese-frosting/
Winter Squash,Baked Pumpkin Custard from EAGLE BRAND,50 mins,15 mins,35 mins,"3 large eggs, 1 cup 100% pure pumpkin, 1 ½ teaspoons pumpkin pie spice, 1 (14 ounce) can EAGLE BRAND® Sweetened Condensed Milk, 1 ⅓ cups whole milk, 1 teaspoon vanilla extract, ¼ teaspoon salt, ½ cup whipped cream, or to taste, 1 pinch ground cinnamon, or to taste",Original recipe (1X) yields 6 servings,"{'Calories': '388', 'Fat': '11g', 'Carbs': '28g', 'Protein': '8g'}",4.7,https://www.allrecipes.com/recipe/232887/baked-pumpkin-custard-from-eagle-brand/
Winter Squash,Pumpkin Squares,35 mins,10 mins,25 mins,"1 (15 ounce) can pumpkin puree, 2 cups white sugar, 1 cup vegetable oil, 4 large eggs, 2 cups all-purpose flour, 2 teaspoons ground cinnamon, 2 teaspoons baking powder, 1 teaspoon baking soda, ½ teaspoon ground cloves, ½ teaspoon ground ginger, ½ teaspoon ground nutmeg, ½ teaspoon salt",Original recipe (1X) yields 24 servings,"{'Calories': '203', 'Fat': '10g', 'Carbs': '27g', 'Protein': '2g'}",4.7,https://www.allrecipes.com/recipe/15236/pumpkin-squares/
Winter Squash,Butternut Squash Lasagna, 2 hrs,30 mins, 1 hr 30 mins,"1  butternut squash, halved and seeded, 1 tablespoon olive oil, divided, or as needed, 1 (8 ounce) package sliced fresh mushrooms, 1 teaspoon minced garlic, 1  onion, chopped, 1 (10 ounce) package frozen chopped spinach, thawed and drained, 7 cups milk, divided, ½ cup cornstarch, 2 cups grated Parmesan cheese, divided, 1 tablespoon honey or to taste, ¼ teaspoon ground nutmeg, 4  fresh sage leaves, shredded, or to taste, salt and ground black pepper to taste, 1 (16 ounce) package lasagna noodles, ¼ teaspoon minced fresh ginger, 2 cups shredded mozzarella cheese",Original recipe (1X) yields 12 servings,"{'Calories': '296', 'Fat': '12g', 'Carbs': '31g', 'Protein': '16g'}",4.6,https://www.allrecipes.com/recipe/234860/butternut-squash-lasagna/
Winter Squash,Roasted Delicata Squash,30 mins,15 mins,15 mins,"1 large delicata squash - ends trimmed, halved lengthwise, seeded, 1 tablespoon olive oil, 1 teaspoon salt, ⅛ teaspoon cayenne pepper, or to taste",Original recipe (1X) yields 2 servings,"{'Calories': '180', 'Fat': '7g', 'Carbs': '31g', 'Protein': '2g'}",4.8,https://www.allrecipes.com/recipe/260734/roasted-delicata-squash/
Winter Squash,Pumpkin Chocolate Chip Cookies,20 mins,10 mins,10 mins,"1 cup canned pumpkin, 1 cup white sugar, ½ cup vegetable oil, 1 large egg, 1 teaspoon baking soda, 1 teaspoon milk, 2 cups all-purpose flour, 2 teaspoons baking powder, 2 teaspoons ground cinnamon, ½ teaspoon salt, 2 cups semisweet chocolate chips, ½ cup chopped walnuts (Optional), 1 tablespoon vanilla extract",Original recipe (1X) yields 24 servings,"{'Calories': '202', 'Fat': '11g', 'Carbs': '27g', 'Protein': '2g'}",4.6,https://www.allrecipes.com/recipe/10740/pumpkin-chocolate-chip-cookies-iii/
Winter Squash,Easy Pumpkin Muffins,30 mins,10 mins,20 mins,"1 (15.25 ounce) package yellow cake mix, 1 (15 ounce) can pumpkin puree, 1 teaspoon ground cinnamon, ½ teaspoon ground nutmeg, ¼ teaspoon ground cloves",Original recipe (1X) yields 12 servings,"{'Calories': '200', 'Fat': '5g', 'Carbs': '37g', 'Protein': '2g'}",4.5,https://www.allrecipes.com/recipe/93290/easy-pumpkin-muffins/
Winter Squash,Roasted Vegetables, 1 hr,25 mins,35 mins,"1 small butternut squash - peeled, seeded, and cut into 1/2-inch cubes, 3 medium Yukon Gold potatoes, peeled and cut into 1/2-inch cubes, 2 medium red bell peppers, peeled and cut into 1/2-inch pieces, 1 medium sweet potato, peeled and cut into 1/2-inch cubes, 1 medium red onion - peeled, quartered, and separated into pieces, ¼ cup olive oil, 2 tablespoons balsamic vinegar, 2 tablespoons chopped fresh rosemary, or more to taste, 1 tablespoon chopped fresh thyme, or more to taste, salt and freshly ground black pepper to taste",Original recipe (1X) yields 12 servings,"{'Calories': '123', 'Fat': '5g', 'Carbs': '20g', 'Protein': '2g'}",4.7,https://www.allrecipes.com/recipe/9377/roasted-vegetables/
Winter Squash,Chocolate Chip Pumpkin Bread, 1 hr 20 mins,20 mins, 1 hr,"3 cups white sugar, 1 (15 ounce) can pumpkin puree, 4 large eggs, 1 cup vegetable oil, ⅔ cup water, 3 ½ cups all-purpose flour, 1 tablespoon ground cinnamon, or to taste, 1 tablespoon ground nutmeg, or to taste, 2 teaspoons baking soda, 1 ½ teaspoons salt, 1 cup miniature semisweet chocolate chips, ½ cup chopped walnuts",Original recipe (1X) yields 30 servings,"{'Calories': '252', 'Fat': '11g', 'Carbs': '37g', 'Protein': '3g'}",4.8,https://www.allrecipes.com/recipe/6732/chocolate-chip-pumpkin-bread/
Winter Squash,2-Ingredient Pumpkin Cake,30 mins,5 mins,25 mins,"cooking spray, 1 (15.25 ounce) package spice cake mix, 1 (15 ounce) can pumpkin",Original recipe (1X) yields 15 servings,"{'Calories': '112', 'Fat': '1g', 'Carbs': '25g', 'Protein': '1g'}",4.7,https://www.allrecipes.com/recipe/77375/two-ingredient-pumpkin-cake/
Yeast Breads,Beignets, 3 hrs,30 mins,30 mins,"1 (.25 ounce) package active dry yeast, 1 ½ cups warm water (110 degrees F/45 degrees C), 1 cup evaporated milk, ½ cup white sugar, 2  eggs, 1 teaspoon salt, 7 cups all-purpose flour, divided, ¼ cup shortening, 1 quart vegetable oil for frying, ¼ cup confectioners' sugar",Original recipe (1X) yields 10 servings,"{'Calories': '543', 'Fat': '18g', 'Carbs': '83g', 'Protein': '12g'}",4.7,https://www.allrecipes.com/recipe/7179/beignets/
Yeast Breads,Quick Yeast Rolls, 1 hr 30 mins,20 mins,10 mins,"1 cup hot water, 3 tablespoons white sugar, 2 tablespoons shortening, 1 (.25 ounce) package active dry yeast, 2 ¼ cups all-purpose flour, 1  egg, beaten, 1 teaspoon salt",Original recipe (1X) yields 8 servings,"{'Calories': '186', 'Fat': '4g', 'Carbs': '32g', 'Protein': '5g'}",4.7,https://www.allrecipes.com/recipe/13827/quick-yeast-rolls/
Yeast Breads,White Bread for the Bread Machine, 3 hrs 5 mins,5 mins, 3 hrs,"1 cup warm water (110 degrees F/45 degrees C), 3 tablespoons white sugar, 3 tablespoons vegetable oil, 1 ½ teaspoons salt, 3 cups bread flour, 2 ¼ teaspoons active dry yeast",Original recipe (1X) yields 12 servings,"{'Calories': '168', 'Fat': '4g', 'Carbs': '28g', 'Protein': '4g'}",4.7,https://www.allrecipes.com/recipe/6813/white-bread-for-the-bread-machine/
Yeast Breads,Homemade Hamburger Buns, 3 hrs 45 mins,20 mins,15 mins,"1 (.25 ounce) package active dry yeast (such as Fleischmann's ActiveDry Yeast), 1 pound all-purpose flour, or as needed - divided, 1 cup warm water (105 degrees F/41 degrees C), 2 large eggs, divided, 3 tablespoons butter, melted, 3 tablespoons white sugar, 1 ¼ teaspoons salt, 1 teaspoon olive oil, 1 tablespoon milk, 1 teaspoon sesame seeds, or as needed",Original recipe (1X) yields 8 servings,"{'Calories': '292', 'Fat': '7g', 'Carbs': '49g', 'Protein': '8g'}",4.9,https://www.allrecipes.com/recipe/233652/homemade-hamburger-buns/
Yeast Breads,Amish White Bread, 2 hrs 25 mins,20 mins,30 mins,"2 cups warm water (110 degrees F/45 degrees C), ⅔ cup white sugar, 1 ½ tablespoons active dry yeast, ¼ cup vegetable oil, 1 ½ teaspoons salt, 6 cups bread flour",Original recipe (1X) yields 24 servings,"{'Calories': '168', 'Fat': '3g', 'Carbs': '31g', 'Protein': '4g'}",4.8,https://www.allrecipes.com/recipe/6788/amish-white-bread/
Yeast Breads,Pan de Muertos (Mexican Bread of the Dead), 3 hrs 10 mins,25 mins,45 mins,"¼ cup milk, ¼ cup butter, ¼ cup warm water (110 degrees F/45 degrees C), 3 cups all-purpose flour, ¼ cup white sugar, 2 teaspoons anise seed, 1 ¼ teaspoons active dry yeast, ½ teaspoon salt, 2 large eggs, beaten, 1 tablespoon orange zest, ¼ cup white sugar, ¼ cup orange juice, 2 teaspoons orange zest, 2 tablespoons white sugar",Original recipe (1X) yields 12 servings,"{'Calories': '208', 'Fat': '5g', 'Carbs': '36g', 'Protein': '5g'}",4.7,https://www.allrecipes.com/recipe/7224/pan-de-muertos-mexican-bread-of-the-dead/
Yeast Breads,Clone of a Cinnabon, 3 hrs,20 mins,15 mins,"1 cup warm milk (110 degrees F/45 degrees C), 2  eggs, room temperature, ⅓ cup margarine, melted, 4 ½ cups bread flour, 1 teaspoon salt, ½ cup white sugar, 2 ½ teaspoons bread machine yeast, 1 cup brown sugar, packed, 2 ½ tablespoons ground cinnamon, ⅓ cup butter, softened, 1 ½ cups confectioners' sugar, ¼ cup butter, softened, 1 (3 ounce) package cream cheese, softened, ½ teaspoon vanilla extract, ⅛ teaspoon salt",Original recipe (1X) yields 12 servings,"{'Calories': '502', 'Fat': '19g', 'Carbs': '77g', 'Protein': '8g'}",4.8,https://www.allrecipes.com/recipe/20156/clone-of-a-cinnabon/
Yeast Breads,Simple Whole Wheat Bread, 2 hrs 50 mins,25 mins,25 mins,"3 cups warm water (110 degrees F/45 degrees C), 2 (.25 ounce) packages active dry yeast, ⅔ cup honey, divided, 5 cups bread flour, 5 tablespoons butter, melted, divided, 1 tablespoon salt, 4 cups whole wheat flour, or more as needed",Original recipe (1X) yields 36 servings,"{'Calories': '134', 'Fat': '2g', 'Carbs': '26g', 'Protein': '4g'}",4.8,https://www.allrecipes.com/recipe/6773/simple-whole-wheat-bread/
Yeast Breads,Two-Ingredient Pizza Dough,25 mins,15 mins,10 mins,"1 ½ cups self-rising flour, plus more for kneading, 1 cup plain Greek yogurt, cooking spray",Original recipe (1X) yields 8 servings,"{'Calories': '116', 'Fat': '3g', 'Carbs': '18g', 'Protein': '4g'}",4.6,https://www.allrecipes.com/recipe/244447/two-ingredient-pizza-dough/
